{"polyfill":["/polyfill-7ced8295869eb983463c.js"],"app":["/app-35a4943bbb796dfc26d7.js"],"component---node-modules-gatsby-plugin-offline-app-shell-js":["/component---node-modules-gatsby-plugin-offline-app-shell-js-0f40d706ebc58d78c1f6.js"],"component---src-pages-404-jsx":["/component---src-pages-404-jsx-fdc3043105c11e50e31d.js"],"component---src-pages-about-jsx":["/component---src-pages-about-jsx-9405b5ad9e026ef5f276.js"],"component---src-pages-blog-jsx":["/component---src-pages-blog-jsx-bd3922a2e67e03caf9d7.js"],"component---src-pages-index-jsx":["/component---src-pages-index-jsx-09032ff0f1765f70013e.js"],"component---src-pages-tags-jsx":["/component---src-pages-tags-jsx-26b1f2bf76ca02ee7044.js"],"component---src-templates-post-jsx":["/component---src-templates-post-jsx-0ba6253eb3e37f6ea1be.js"],"component---src-templates-tag-jsx":["/component---src-templates-tag-jsx-38d25c69393a43e0705c.js"]}