{"errors":[],"warnings":[],"namedChunkGroups":{"polyfill":{"chunks":[2,13],"assets":["webpack-runtime-323145c690db7faaf499.js","webpack-runtime-323145c690db7faaf499.js.map","polyfill-7ced8295869eb983463c.js","polyfill-7ced8295869eb983463c.js.map"],"children":{},"childAssets":{}},"app":{"chunks":[2,12,3],"assets":["webpack-runtime-323145c690db7faaf499.js","webpack-runtime-323145c690db7faaf499.js.map","framework-cd3e1e804d552fa282ef.js","framework-cd3e1e804d552fa282ef.js.map","app-35a4943bbb796dfc26d7.js","app-35a4943bbb796dfc26d7.js.map"],"children":{},"childAssets":{}},"component---node-modules-gatsby-plugin-offline-app-shell-js":{"chunks":[4],"assets":["component---node-modules-gatsby-plugin-offline-app-shell-js-0f40d706ebc58d78c1f6.js","component---node-modules-gatsby-plugin-offline-app-shell-js-0f40d706ebc58d78c1f6.js.map"],"children":{},"childAssets":{}},"component---src-pages-404-jsx":{"chunks":[1,0,5],"assets":["styles.a2c4160b0eb72a721a0f.css","styles-e9d24b1846c7d6eb9685.js","styles-e9d24b1846c7d6eb9685.js.map","9279f220bce6d189a9fa5fdda0cb3f608c685652-971e84d34d9d8ac44a67.js","9279f220bce6d189a9fa5fdda0cb3f608c685652-971e84d34d9d8ac44a67.js.map","component---src-pages-404-jsx-fdc3043105c11e50e31d.js","component---src-pages-404-jsx-fdc3043105c11e50e31d.js.map"],"children":{},"childAssets":{}},"component---src-pages-about-jsx":{"chunks":[1,0,6],"assets":["styles.a2c4160b0eb72a721a0f.css","styles-e9d24b1846c7d6eb9685.js","styles-e9d24b1846c7d6eb9685.js.map","9279f220bce6d189a9fa5fdda0cb3f608c685652-971e84d34d9d8ac44a67.js","9279f220bce6d189a9fa5fdda0cb3f608c685652-971e84d34d9d8ac44a67.js.map","component---src-pages-about-jsx-9405b5ad9e026ef5f276.js","component---src-pages-about-jsx-9405b5ad9e026ef5f276.js.map"],"children":{},"childAssets":{}},"component---src-pages-blog-jsx":{"chunks":[1,0,7],"assets":["styles.a2c4160b0eb72a721a0f.css","styles-e9d24b1846c7d6eb9685.js","styles-e9d24b1846c7d6eb9685.js.map","9279f220bce6d189a9fa5fdda0cb3f608c685652-971e84d34d9d8ac44a67.js","9279f220bce6d189a9fa5fdda0cb3f608c685652-971e84d34d9d8ac44a67.js.map","component---src-pages-blog-jsx-bd3922a2e67e03caf9d7.js","component---src-pages-blog-jsx-bd3922a2e67e03caf9d7.js.map"],"children":{},"childAssets":{}},"component---src-pages-index-jsx":{"chunks":[1,0,8],"assets":["styles.a2c4160b0eb72a721a0f.css","styles-e9d24b1846c7d6eb9685.js","styles-e9d24b1846c7d6eb9685.js.map","9279f220bce6d189a9fa5fdda0cb3f608c685652-971e84d34d9d8ac44a67.js","9279f220bce6d189a9fa5fdda0cb3f608c685652-971e84d34d9d8ac44a67.js.map","component---src-pages-index-jsx-09032ff0f1765f70013e.js","component---src-pages-index-jsx-09032ff0f1765f70013e.js.map"],"children":{},"childAssets":{}},"component---src-pages-tags-jsx":{"chunks":[1,0,9],"assets":["styles.a2c4160b0eb72a721a0f.css","styles-e9d24b1846c7d6eb9685.js","styles-e9d24b1846c7d6eb9685.js.map","9279f220bce6d189a9fa5fdda0cb3f608c685652-971e84d34d9d8ac44a67.js","9279f220bce6d189a9fa5fdda0cb3f608c685652-971e84d34d9d8ac44a67.js.map","component---src-pages-tags-jsx-26b1f2bf76ca02ee7044.js","component---src-pages-tags-jsx-26b1f2bf76ca02ee7044.js.map"],"children":{},"childAssets":{}},"component---src-templates-post-jsx":{"chunks":[1,0,10],"assets":["styles.a2c4160b0eb72a721a0f.css","styles-e9d24b1846c7d6eb9685.js","styles-e9d24b1846c7d6eb9685.js.map","9279f220bce6d189a9fa5fdda0cb3f608c685652-971e84d34d9d8ac44a67.js","9279f220bce6d189a9fa5fdda0cb3f608c685652-971e84d34d9d8ac44a67.js.map","component---src-templates-post-jsx-0ba6253eb3e37f6ea1be.js","component---src-templates-post-jsx-0ba6253eb3e37f6ea1be.js.map"],"children":{},"childAssets":{}},"component---src-templates-tag-jsx":{"chunks":[1,0,11],"assets":["styles.a2c4160b0eb72a721a0f.css","styles-e9d24b1846c7d6eb9685.js","styles-e9d24b1846c7d6eb9685.js.map","9279f220bce6d189a9fa5fdda0cb3f608c685652-971e84d34d9d8ac44a67.js","9279f220bce6d189a9fa5fdda0cb3f608c685652-971e84d34d9d8ac44a67.js.map","component---src-templates-tag-jsx-38d25c69393a43e0705c.js","component---src-templates-tag-jsx-38d25c69393a43e0705c.js.map"],"children":{},"childAssets":{}}},"assetsByChunkName":{"polyfill":["webpack-runtime-323145c690db7faaf499.js","polyfill-7ced8295869eb983463c.js"],"app":["webpack-runtime-323145c690db7faaf499.js","framework-cd3e1e804d552fa282ef.js","app-35a4943bbb796dfc26d7.js"],"component---node-modules-gatsby-plugin-offline-app-shell-js":["component---node-modules-gatsby-plugin-offline-app-shell-js-0f40d706ebc58d78c1f6.js"],"component---src-pages-404-jsx":["styles.a2c4160b0eb72a721a0f.css","styles-e9d24b1846c7d6eb9685.js","9279f220bce6d189a9fa5fdda0cb3f608c685652-971e84d34d9d8ac44a67.js","component---src-pages-404-jsx-fdc3043105c11e50e31d.js"],"component---src-pages-about-jsx":["styles.a2c4160b0eb72a721a0f.css","styles-e9d24b1846c7d6eb9685.js","9279f220bce6d189a9fa5fdda0cb3f608c685652-971e84d34d9d8ac44a67.js","component---src-pages-about-jsx-9405b5ad9e026ef5f276.js"],"component---src-pages-blog-jsx":["styles.a2c4160b0eb72a721a0f.css","styles-e9d24b1846c7d6eb9685.js","9279f220bce6d189a9fa5fdda0cb3f608c685652-971e84d34d9d8ac44a67.js","component---src-pages-blog-jsx-bd3922a2e67e03caf9d7.js"],"component---src-pages-index-jsx":["styles.a2c4160b0eb72a721a0f.css","styles-e9d24b1846c7d6eb9685.js","9279f220bce6d189a9fa5fdda0cb3f608c685652-971e84d34d9d8ac44a67.js","component---src-pages-index-jsx-09032ff0f1765f70013e.js"],"component---src-pages-tags-jsx":["styles.a2c4160b0eb72a721a0f.css","styles-e9d24b1846c7d6eb9685.js","9279f220bce6d189a9fa5fdda0cb3f608c685652-971e84d34d9d8ac44a67.js","component---src-pages-tags-jsx-26b1f2bf76ca02ee7044.js"],"component---src-templates-post-jsx":["styles.a2c4160b0eb72a721a0f.css","styles-e9d24b1846c7d6eb9685.js","9279f220bce6d189a9fa5fdda0cb3f608c685652-971e84d34d9d8ac44a67.js","component---src-templates-post-jsx-0ba6253eb3e37f6ea1be.js"],"component---src-templates-tag-jsx":["styles.a2c4160b0eb72a721a0f.css","styles-e9d24b1846c7d6eb9685.js","9279f220bce6d189a9fa5fdda0cb3f608c685652-971e84d34d9d8ac44a67.js","component---src-templates-tag-jsx-38d25c69393a43e0705c.js"]}}